x,Unbiased Die,Lower-biased Die,Upper-biased Die,Center-biased Die
1,0.16666666666666666,0.2857142857142857,0.047619047619047616,0.08333333333333333
2,0.16666666666666666,0.23809523809523808,0.09523809523809523,0.16666666666666666
3,0.16666666666666666,0.19047619047619047,0.14285714285714285,0.25
4,0.16666666666666666,0.14285714285714285,0.19047619047619047,0.25
5,0.16666666666666666,0.09523809523809523,0.23809523809523808,0.16666666666666666
6,0.16666666666666666,0.047619047619047616,0.2857142857142857,0.08333333333333333
